benchmark,algorithm,seed,weight,violation,feasible,evaluator_calls,static_load_case_solves,modal_solves,local_search_attempts,local_search_accepted,qio_attempts,qio_accepted,penalized_fitness,best_indices
120-bar-steel-dynamic-discrete,BMPOA-DiscreteLS,2026,38559.951681723724,0,1,35070,35070,35070,1437,11,0,0,38559.951681723724,[12 19 32 17 22 49 8]
120-bar-steel-dynamic-discrete,BMPOA-DiscreteLS,2027,38485.930043740569,0,1,35070,35070,35070,1437,11,0,0,38485.930043740569,[12 20 34 17 20 48 8]
120-bar-steel-dynamic-discrete,BMPOA-DiscreteLS,2028,38485.930043740569,0,1,35070,35070,35070,1437,12,0,0,38485.930043740569,[12 20 34 17 20 48 8]
120-bar-steel-dynamic-discrete,BMPOA-DiscreteLS,2029,38485.930043740569,0,1,35070,35070,35070,1437,12,0,0,38485.930043740569,[12 20 34 17 20 48 8]
120-bar-steel-dynamic-discrete,BMPOA-DiscreteLS,2030,38485.930043740569,0,1,35070,35070,35070,1437,15,0,0,38485.930043740569,[12 20 34 17 20 48 8]
120-bar-steel-dynamic-discrete,BMPOA-DiscreteLS-QIO,2026,38571.447181901473,0,1,35070,35070,35070,1380,6,1380,89,38571.447181901473,[12 20 33 17 19 51 8]
120-bar-steel-dynamic-discrete,BMPOA-DiscreteLS-QIO,2027,38485.930043740569,0,1,35070,35070,35070,1380,14,1380,136,38485.930043740569,[12 20 34 17 20 48 8]
120-bar-steel-dynamic-discrete,BMPOA-DiscreteLS-QIO,2028,38519.942043726071,0,1,35070,35070,35070,1380,11,1380,98,38519.942043726071,[12 18 33 18 21 47 8]
120-bar-steel-dynamic-discrete,BMPOA-DiscreteLS-QIO,2029,38581.535492271651,0,1,35070,35070,35070,1380,4,1380,72,38581.535492271651,[12 20 34 17 22 46 8]
120-bar-steel-dynamic-discrete,BMPOA-DiscreteLS-QIO,2030,38485.930043740569,0,1,35070,35070,35070,1380,12,1380,104,38485.930043740569,[12 20 34 17 20 48 8]
120-bar-steel-dynamic-discrete,BMPOA-QIO,2026,38485.930043740569,0,1,35070,35070,35070,0,0,1437,125,38485.930043740569,[12 20 34 17 20 48 8]
120-bar-steel-dynamic-discrete,BMPOA-QIO,2027,38485.930043740569,0,1,35070,35070,35070,0,0,1437,111,38485.930043740569,[12 20 34 17 20 48 8]
120-bar-steel-dynamic-discrete,BMPOA-QIO,2028,38485.930043740569,0,1,35070,35070,35070,0,0,1437,121,38485.930043740569,[12 20 34 17 20 48 8]
120-bar-steel-dynamic-discrete,BMPOA-QIO,2029,38519.942043726071,0,1,35070,35070,35070,0,0,1437,115,38519.942043726071,[12 18 33 18 21 47 8]
120-bar-steel-dynamic-discrete,BMPOA-QIO,2030,38485.930043740569,0,1,35070,35070,35070,0,0,1437,87,38485.930043740569,[12 20 34 17 20 48 8]
120-bar-steel-dynamic-discrete,BMPOA-core,2026,38512.148957458201,0,1,35070,35070,35070,0,0,0,0,38512.148957458201,[12 19 32 17 21 50 8]
120-bar-steel-dynamic-discrete,BMPOA-core,2027,38485.930043740569,0,1,35070,35070,35070,0,0,0,0,38485.930043740569,[12 20 34 17 20 48 8]
120-bar-steel-dynamic-discrete,BMPOA-core,2028,38485.930043740569,0,1,35070,35070,35070,0,0,0,0,38485.930043740569,[12 20 34 17 20 48 8]
120-bar-steel-dynamic-discrete,BMPOA-core,2029,38485.930043740569,0,1,35070,35070,35070,0,0,0,0,38485.930043740569,[12 20 34 17 20 48 8]
120-bar-steel-dynamic-discrete,BMPOA-core,2030,38512.148957458201,0,1,35070,35070,35070,0,0,0,0,38512.148957458201,[12 19 32 17 21 50 8]
72-bar-steel-dynamic-discrete,BMPOA-DiscreteLS,2026,790.59944371770985,0,1,35070,70140,35070,1437,14,0,0,790.59944371770985,[9 4 1 1 7 4 1 1 4 6 1 1 2 4 1 1]
72-bar-steel-dynamic-discrete,BMPOA-DiscreteLS,2027,797.40584371770967,0,1,35070,70140,35070,1437,18,0,0,797.40584371770967,[8 4 1 1 8 4 1 1 4 4 1 1 3 6 1 1]
72-bar-steel-dynamic-discrete,BMPOA-DiscreteLS,2028,790.59944371770985,0,1,35070,70140,35070,1437,19,0,0,790.59944371770985,[9 4 1 1 6 4 1 1 5 5 1 1 2 5 1 1]
72-bar-steel-dynamic-discrete,BMPOA-DiscreteLS,2029,797.40584371770967,0,1,35070,70140,35070,1437,20,0,0,797.40584371770967,[8 4 1 1 8 4 1 1 4 4 1 1 3 6 1 1]
72-bar-steel-dynamic-discrete,BMPOA-DiscreteLS,2030,790.59944371770985,0,1,35070,70140,35070,1437,19,0,0,790.59944371770985,[9 6 1 1 7 4 1 1 4 4 1 1 2 4 1 1]
72-bar-steel-dynamic-discrete,BMPOA-DiscreteLS-QIO,2026,790.59944371770985,0,1,35070,70140,35070,1380,15,1380,91,790.59944371770985,[10 5 1 1 6 5 1 1 4 4 1 1 2 4 1 1]
72-bar-steel-dynamic-discrete,BMPOA-DiscreteLS-QIO,2027,797.40584371770967,0,1,35070,70140,35070,1380,12,1380,101,797.40584371770967,[8 4 1 1 8 4 1 1 4 4 1 1 3 6 1 1]
72-bar-steel-dynamic-discrete,BMPOA-DiscreteLS-QIO,2028,790.59944371770985,0,1,35070,70140,35070,1380,10,1380,107,790.59944371770985,[9 4 1 1 6 5 1 1 5 5 1 1 2 4 1 1]
72-bar-steel-dynamic-discrete,BMPOA-DiscreteLS-QIO,2029,790.59944371770985,0,1,35070,70140,35070,1380,18,1380,86,790.59944371770985,[8 5 1 1 8 5 1 1 4 4 1 1 2 4 1 1]
72-bar-steel-dynamic-discrete,BMPOA-DiscreteLS-QIO,2030,790.59944371770985,0,1,35070,70140,35070,1380,19,1380,104,790.59944371770985,[8 5 1 1 8 5 1 1 4 4 1 1 2 4 1 1]
72-bar-steel-dynamic-discrete,BMPOA-QIO,2026,790.59944371770985,0,1,35070,70140,35070,0,0,1437,90,790.59944371770985,[8 4 1 1 7 5 1 1 5 5 1 1 2 4 1 1]
72-bar-steel-dynamic-discrete,BMPOA-QIO,2027,790.59944371770985,0,1,35070,70140,35070,0,0,1437,89,790.59944371770985,[9 4 1 1 7 4 1 1 4 6 1 1 2 4 1 1]
72-bar-steel-dynamic-discrete,BMPOA-QIO,2028,790.59944371770985,0,1,35070,70140,35070,0,0,1437,120,790.59944371770985,[9 5 1 1 6 4 1 1 5 4 1 1 2 5 1 1]
72-bar-steel-dynamic-discrete,BMPOA-QIO,2029,797.40584371770967,0,1,35070,70140,35070,0,0,1437,130,797.40584371770967,[8 4 1 1 7 4 1 1 5 4 1 1 3 6 1 1]
72-bar-steel-dynamic-discrete,BMPOA-QIO,2030,790.59944371770985,0,1,35070,70140,35070,0,0,1437,95,790.59944371770985,[9 6 1 1 7 4 1 1 4 4 1 1 2 4 1 1]
72-bar-steel-dynamic-discrete,BMPOA-core,2026,790.59944371770985,0,1,35070,70140,35070,0,0,0,0,790.59944371770985,[8 5 1 1 7 4 1 1 5 4 1 1 2 5 1 1]
72-bar-steel-dynamic-discrete,BMPOA-core,2027,790.59944371770985,0,1,35070,70140,35070,0,0,0,0,790.59944371770985,[9 4 1 1 6 5 1 1 5 4 1 1 2 5 1 1]
72-bar-steel-dynamic-discrete,BMPOA-core,2028,790.59944371770985,0,1,35070,70140,35070,0,0,0,0,790.59944371770985,[8 5 1 1 7 4 1 1 5 4 1 1 2 5 1 1]
72-bar-steel-dynamic-discrete,BMPOA-core,2029,790.59944371770985,0,1,35070,70140,35070,0,0,0,0,790.59944371770985,[8 4 1 1 7 5 1 1 5 4 1 1 2 5 1 1]
72-bar-steel-dynamic-discrete,BMPOA-core,2030,790.59944371770985,0,1,35070,70140,35070,0,0,0,0,790.59944371770985,[9 6 1 1 7 4 1 1 4 4 1 1 2 4 1 1]
